Workbook

Sheet participants
A1: participant_id | B1: name | C1: email | D1: company_id | E1: sector | F1: country | G1: role_level | H1: tenure_months | I1: assessment_version | J1: consent_flag | K1: created_at
A2: =Form!D2 -> Sunil Chavan | B2: =Form!D2 -> Sunil Chavan | C2: =Form!B2 -> sxchavan@gmail.com | D2: =Form!E2 -> C001 | E2: =Form!F2 -> Services | F2: =Form!G2 -> India | G2: =Form!H2 -> Individual Contributor | H2: =Form!I2 -> 11–15 years | I2: v01 | J2: yes | K2: =Form!A2 -> 45948.33
A3: =Form!D3 -> Debankan Mahanta | B3: =Form!D3 -> Debankan Mahanta | C3: =Form!B3 -> mdevankan1@gmail.com | D3: =Form!E3 -> C001 | E3: =Form!F3 -> Services | F3: =Form!G3 -> India | G3: =Form!H3 -> Manager | H3: =Form!I3 -> 16–20 years | I3: v01 | J3: yes | K3: =Form!A3 -> 45948.361
A4: =Form!D4 -> Sreedhar Reddy Jaggavarapu | B4: =Form!D4 -> Sreedhar Reddy Jaggavarapu | C4: =Form!B4 -> sreedharreddy.j@gmail.com | D4: =Form!E4 -> C001 | E4: =Form!F4 -> Services | F4: =Form!G4 -> United States | G4: =Form!H4 -> Individual Contributor | H4: =Form!I4 -> 3–5 years | I4: v01 | J4: yes | K4: =Form!A4 -> 45950.353
A5: =Form!D5 -> Jaykumar Acharya | B5: =Form!D5 -> Jaykumar Acharya | C5: =Form!B5 -> jagaddeva.murari.das@gmail.com | D5: =Form!E5 -> C001 | E5: =Form!F5 -> Services | F5: =Form!G5 -> India | G5: =Form!H5 -> Director / VP | H5: =Form!I5 -> More than 20 years | I5: v01 | J5: yes | K5: =Form!A5 -> 45957.462
A6: =Form!D6 -> Rajesh Singh | B6: =Form!D6 -> Rajesh Singh | C6: =Form!B6 -> librajesh1@gmail.com | D6: =Form!E6 -> C001 | E6: =Form!F6 -> Financial | F6: =Form!G6 -> Canada | G6: =Form!H6 -> Director / VP | H6: =Form!I6 -> 16–20 years | I6: v01 | J6: yes | K6: =Form!A6 -> 45957.72
A7: =Form!D7 -> Rohan Gupta | B7: =Form!D7 -> Rohan Gupta | C7: =Form!B7 -> rohan2032@gmail.com | D7: =Form!E7 -> C001 | E7: =Form!F7 -> Services | F7: =Form!G7 -> India | G7: =Form!H7 -> Individual Contributor | H7: =Form!I7 -> 6–10 years | I7: v01 | J7: yes | K7: =Form!A7 -> 45957.932
A8: =Form!D8 -> Sumit Roy | B8: =Form!D8 -> Sumit Roy | C8: =Form!B8 -> sumitroyip@gmail.com | D8: =Form!E8 -> C001 | E8: =Form!F8 -> Services | F8: =Form!G8 -> India | G8: =Form!H8 -> Manager | H8: =Form!I8 -> 16–20 years | I8: v01 | J8: yes | K8: =Form!A8 -> 45960.512
A9: =Form!D9 -> Pragya | B9: =Form!D9 -> Pragya | C9: =Form!B9 -> pragyagupta.email@gmail.com | D9: =Form!E9 -> C001 | E9: =Form!F9 -> Services | F9: =Form!G9 -> India | G9: =Form!H9 -> Individual Contributor | H9: =Form!I9 -> 1–2 years | I9: v02 | J9: yes | K9: =Form!A9 -> 45969.844

Sheet Form
A1: Timestamp | B1: Email address | C1: By submitting this form, I voluntarily consent to the collection, analysis, and use of my responses for the purpose of personalized feedback (shared only with me), group-level organizational insights, and internal development of the LEAD-A Leadership framework based on Indian Knowledge Systems (IKS). I understand that: My responses will be shared only with me as personalized feedback. My organization may receive group-level, anonymized reports — no individual identities or responses will be disclosed. My personal data will not be shared externally or used for commercial resale. The data will be used to improve the assessment tool and generate anonymized benchmarks. My participation is voluntary, and I may withdraw prior to submission. My identity will remain confidential in all published or shared insights. The data will be stored securely and used only for the stated purposes. | D1: Your Name | E1: Company Name | F1: Sector | G1: Country | H1: Role level | I1: Tenure | J1: How large is the team or organization you currently work with? | K1: I believe success is best achieved by focusing on one’s own strengths, not by accommodating others. | L1: I prefer short-term gains, even if they come at the cost of others’ trust. | M1: I feel energized when my work contributes to something larger than myself—like community, ecology, or spiritual growth. | N1: I often put others’ needs ahead of my own, even when it leads to confusion or delay. | O1: I feel pulled toward service, yet I often second-guess my decisions. | P1: I try to be fair and consistent, even if I don’t always inspire others. | Q1: How often do people perceive you as approachable when raising collective concerns? | R1: How often do you visibly role-model “service before self” in daily actions? | S1: Compared to peers, how often do you act transparently even when no one is watching? | T1: I sometimes avoid taking action because I’m unsure how to balance kindness with effectiveness. | U1: I sometimes take on tasks with good intent, but struggle to complete them with impact. | V1: I prefer clarity over speed, especially when the stakes involve people’s well-being. | W1: I’m confident in my ability to execute plans, even if others disagree with my approach. | X1: I admire leaders who act with clarity, even if they’re not always emotionally expressive. | Y1: How often have you acknowledged publicly when your own decision turned out wrong? | Z1: How often do you consciously role-model (clear, constructive) behaviours to your team? | AA1: When faced with a dilemma, I seek solutions that honor both ethical values and long-term strategy. | AB1: I prefer measurable outcomes over emotional considerations when making choices. | AC1: I act quickly to secure advantage, even if it’s not sustainable. | AD1: I focus on short-term wins even if they compromise long-term goals. | AE1: I prioritize people’s needs over long-term planning. | AF1: I often feel torn between helping now and planning ahead. | AG1: I aim for stability more than transformation. | AH1: How often do you measure the long-term impact of your decisions, not just short-term gains? | AI1: I try to help others even when I don’t have a long-term plan. | AJ1: I often act with compassion but struggle to think strategically. | AK1: I care about the collective but tend to respond impulsively. | AL1: I want my work to be remembered more than shared. | AM1: I believe long-term strategy matters more than collective input. | AN1: I make ethical choices even when they’re not the most efficient. | AO1: I try to do what’s right, even if I’m unsure about future impact. | AP1: I lead with pragmatism rather than idealism. | AQ1: I value long-term impact but prefer to lead independently. | AR1: I consider both personal and collective interests when making decisions. | AS1: I weigh multiple perspectives before acting. | AT1: I think long-term but still prioritize personal legacy. | AU1: I rarely seek out new ideas or perspectives. | AV1: I rarely reflect on whether my actions are meaningful. | AW1: I feel confident acting even when I lack formal knowledge. | AX1: I often rely on intuition and values rather than structured knowledge. | AY1: I learn through experience more than through study. | AZ1: I understand basic principles and use them to guide my actions. | BA1: I prefer proven methods over abstract theories. | BB1: I deliver results without needing deep philosophical clarity. | BC1: I try to do what’s right even if I don’t fully understand the issue. | BD1: I prefer to follow others rather than think or act independently. | BE1: I feel fulfilled by learning even if I don’t apply it. | BF1: I prefer doing over thinking. | BG1: I value intellectual depth even if it’s not immediately useful. | BH1: How often do you use a failure as a learning moment for your team? | BI1: Compared to peers, how often do you invest in mentoring juniors or peers? | BJ1: How often do you bring external wisdom (books, teachers, role models) into your leadership practice? | BK1: How often do you allocate time to clarify your role and duty (svadharma) instead of imitating others? | BL1: I act quickly without needing to understand the full picture. | BM1: I often surround myself with people who agree with me, regardless of their values. | BN1: I’m open to new ideas, even if they come from questionable sources. | BO1: I sometimes grow despite the company I keep. | BP1: I maintain decent relationships and stay open to feedback. | BQ1: How often do you intentionally build time with people who inspire ethical thinking? | BR1: How often do you review whether your team’s habits (speech, food, work culture) uplift or degrade quality? | BS1: How often have you replaced toxic influences with more uplifting associations? | BT1: I want to grow but often feel unsupported by those around me. | BU1: I seek guidance but struggle to find uplifting company. | BV1: I prefer to lead without seeking advice or input. | BW1: I value openness more than discernment. | BX1: I value balanced company and moderate openness. | BY1: I trust mentors but maintain strong boundaries. | BZ1: I grow slowly because I’m cautious about influence. | CA1: How often do you seek advice from mentors or advisors before making key decisions? | CB1: How often do you surround yourself with people who challenge you to grow? | CC1: I try to improve myself but feel pulled in different directions. | CD1: I listen to others and reflect before making decisions. | CE1: I rarely feel fear when duty calls. | CF1: I feel indifferent to whether things succeed or fail. | CG1: I reflect before acting, but don’t avoid difficult choices. | CH1: Compared to peers, how often do you stay calm when facing sudden crises? | CI1: In high-pressure situations, how often do you maintain the same tone and body language as in normal times? | CJ1: I often delay decisions because I fear making mistakes. | CK1: I avoid taking action when situations feel overwhelming. | CL1: I feel paralyzed when others expect me to lead. | CM1: I hesitate to speak up even when I know what’s right. | CN1: I prefer routine leadership over bold initiatives. | CO1: How often do you celebrate effort/process, even when outcomes fell short? | CP1: How often do your team members comment on your ability to stay composed? | CQ1: How often do you control the urge to speak harshly in meetings? | CR1: I hope problems will resolve themselves without my involvement. | CS1: I avoid responsibility when I feel uncertain. | CT1: I act only when others push me to take charge. | CU1: I feel responsible but struggle to act on it. | CV1: I fulfill my duties but rarely go beyond expectations. | CW1: I rarely question the deeper impact of my work. | CX1: How often have you taken an unpopular but dharmic decision despite the risk of criticism? | CY1: How often do you delay decisions until you are confident they align with your values? | CZ1: I pursue excellence even when no one is watching. | DA1: I act out of duty, even when recognition is unlikely. | DB1: I prefer guiding others quietly rather than leading from the front. | DC1: I often reflect on whether my actions align with timeless values. | DD1: I avoid ambition if it risks compromising my principles. | DE1: I make decisions that prioritize fairness over speed. | DF1: How often do you resist pressure to cut ethical or sustainability corners for quick wins? | DG1: How often have you resisted the urge to misuse your authority for personal benefit? | DH1: I worry that my intensity might overshadow quieter voices. | DI1: I prefer long-term stability over short-term wins. | DJ1: I prefer structure and predictability in leadership. | DK1: I admire disruptors more than stabilizers. | DL1: How often do you resist over-indulgence in food, comfort, or personal perks at work? | DM1: I often ask myself whether my bold goals serve a larger purpose. | DN1: I feel most fulfilled when my ambition uplifts others. | DO1: I turn to spiritual texts, role models, or higher values for guidance | DP1: I express my faith through respect for traditions, universal values, or spirituality | DQ1: I see discipline as a steady practice for purification and growth | DR1: My guiding principle in life is duty and integrity | DS1: How often do people perceive you as approachable when raising collective concerns? | DT1: How often do you visibly role-model “service before self” in daily actions? | DU1: How often do you celebrate effort/process, even when outcomes fell short? | DV1: My meals are often spicy, oily, or fast foods | DW1: After meals, I usually feel excited first, then restless later | DX1: I turn to successful personalities and achievers for guidance | DY1: I express my faith by following influencers or trends that promise success | DZ1: I see discipline as a way to gain progress or recognition | EA1: My guiding principle in life is ambition and achievement | EB1: I admire ambitious, results-driven leaders | EC1: I turn to popular trends, traditions, or casual beliefs for guidance | ED1: I express my faith casually, through superstition or neglect | EE1: My guiding principle in life is avoiding effort and responsibility | EF1: My speech is often careless, negative, or gossip-oriented | EG1: My personal discipline is irregular or neglected | EH1: I pursue goals with confusion or lack of responsibility | EI1: I recover from stress through unhealthy habits or avoidance
A2: 45948.33 | B2: sxchavan@gmail.com | C2: I agree to the above terms and give my consent. | D2: Sunil Chavan | E2: C001 | F2: Services | G2: India | H2: Individual Contributor | I2: 11–15 years | J2: Small team (2–10) | K2: 4 | L2: 4 | M2: 4 | N2: 4 | O2: 4 | P2: 4 | Q2: 4 | R2: 4 | S2: 4 | T2: 4 | U2: 4 | V2: 4 | W2: 4 | X2: 5 | Y2: 4 | Z2: 5 | AA2: 4 | AB2: 4 | AC2: 5 | AD2: 5 | AE2: 5 | AF2: 5 | AG2: 5 | AH2: 4 | AI2: 4 | AJ2: 4 | AK2: 4 | AL2: 4 | AM2: 4 | AN2: 4 | AO2: 4 | AP2: 5 | AQ2: 5 | AR2: 5 | AS2: 4 | AT2: 4 | AU2: 4 | AV2: 4 | AW2: 4 | AX2: 4 | AY2: 4 | AZ2: 4 | BA2: 5 | BB2: 4 | BC2: 5 | BD2: 4 | BE2: 4 | BF2: 4 | BG2: 4 | BH2: 4 | BI2: 4 | BJ2: 4 | BK2: 4 | BL2: 4 | BM2: 4 | BN2: 5 | BO2: 5 | BP2: 4 | BQ2: 4 | BR2: 4 | BS2: 4 | BT2: 4 | BU2: 3 | BV2: 4 | BW2: 4 | BX2: 4 | BY2: 3 | BZ2: 3 | CA2: 4 | CB2: 3 | CC2: 3 | CD2: 4 | CE2: 4 | CF2: 5 | CG2: 5 | CH2: 4 | CI2: 4 | CJ2: 4 | CK2: 3 | CL2: 3 | CM2: 3 | CN2: 4 | CO2: 4 | CP2: 4 | CQ2: 4 | CR2: 4 | CS2: 4 | CT2: 4 | CU2: 4 | CV2: 5 | CW2: 4 | CX2: 5 | CY2: 4 | CZ2: 4 | DA2: 4 | DB2: 4 | DC2: 4 | DD2: 4 | DE2: 4 | DF2: 4 | DG2: 4 | DH2: 4 | DI2: 3 | DJ2: 5 | DK2: 5 | DL2: 5 | DM2: 4 | DN2: 4 | DO2: 4 | DP2: 5 | DQ2: 4 | DR2: 4 | DS2: 4 | DT2: 4 | DU2: 3 | DV2: 2 | DW2: 5 | DX2: 3 | DY2: 4 | DZ2: 5 | EA2: 3 | EB2: 4 | EC2: 4 | ED2: 4 | EE2: 4 | EF2: 4 | EG2: 4 | EH2: 4 | EI2: 4
A3: 45948.361 | B3: mdevankan1@gmail.com | C3: I agree to the above terms and give my consent. | D3: Debankan Mahanta | E3: C001 | F3: Services | G3: India | H3: Manager | I3: 16–20 years | J3: Large organization (251+) | K3: 1 | L3: 1 | M3: 5 | N3: 2 | O3: 1 | P3: 5 | Q3: 3 | R3: 4 | S3: 5 | T3: 2 | U3: 1 | V3: 5 | W3: 4 | X3: 5 | Y3: 5 | Z3: 5 | AA3: 5 | AB3: 5 | AC3: 1 | AD3: 1 | AE3: 4 | AF3: 1 | AG3: 2 | AH3: 4 | AI3: 5 | AJ3: 1 | AK3: 2 | AL3: 1 | AM3: 3 | AN3: 2 | AO3: 5 | AP3: 4 | AQ3: 1 | AR3: 1 | AS3: 5 | AT3: 1 | AU3: 1 | AV3: 1 | AW3: 2 | AX3: 2 | AY3: 2 | AZ3: 4 | BA3: 5 | BB3: 3 | BC3: 2 | BD3: 1 | BE3: 1 | BF3: 5 | BG3: 5 | BH3: 5 | BI3: 4 | BJ3: 4 | BK3: 4 | BL3: 1 | BM3: 1 | BN3: 3 | BO3: 2 | BP3: 5 | BQ3: 4 | BR3: 4 | BS3: 5 | BT3: 1 | BU3: 2 | BV3: 1 | BW3: 5 | BX3: 3 | BY3: 3 | BZ3: 3 | CA3: 5 | CB3: 2 | CC3: 1 | CD3: 2 | CE3: 3 | CF3: 2 | CG3: 5 | CH3: 5 | CI3: 3 | CJ3: 1 | CK3: 3 | CL3: 1 | CM3: 1 | CN3: 3 | CO3: 4 | CP3: 5 | CQ3: 5 | CR3: 1 | CS3: 3 | CT3: 1 | CU3: 1 | CV3: 1 | CW3: 1 | CX3: 4 | CY3: 2 | CZ3: 5 | DA3: 5 | DB3: 2 | DC3: 4 | DD3: 3 | DE3: 4 | DF3: 5 | DG3: 2 | DH3: 3 | DI3: 5 | DJ3: 4 | DK3: 1 | DL3: 2 | DM3: 5 | DN3: 5 | DO3: 5 | DP3: 5 | DQ3: 5 | DR3: 5 | DS3: 5 | DT3: 5 | DU3: 5 | DV3: 1 | DW3: 1 | DX3: 1 | DY3: 1 | DZ3: 5 | EA3: 2 | EB3: 5 | EC3: 1 | ED3: 1 | EE3: 1 | EF3: 1 | EG3: 4 | EH3: 1 | EI3: 1
A4: 45950.353 | B4: sreedharreddy.j@gmail.com | C4: I agree to the above terms and give my consent. | D4: Sreedhar Reddy Jaggavarapu | E4: C001 | F4: Services | G4: United States | H4: Individual Contributor | I4: 3–5 years | J4: Large organization (251+) | K4: 3 | L4: 1 | M4: 5 | N4: 2 | O4: 4 | P4: 5 | Q4: 4 | R4: 4 | S4: 5 | T4: 4 | U4: 5 | V4: 5 | W4: 4 | X4: 5 | Y4: 5 | Z4: 4 | AA4: 5 | AB4: 5 | AC4: 1 | AD4: 1 | AE4: 4 | AF4: 3 | AG4: 3 | AH4: 4 | AI4: 5 | AJ4: 3 | AK4: 1 | AL4: 5 | AM4: 3 | AN4: 5 | AO4: 5 | AP4: 5 | AQ4: 5 | AR4: 5 | AS4: 4 | AT4: 5 | AU4: 4 | AV4: 3 | AW4: 2 | AX4: 3 | AY4: 3 | AZ4: 4 | BA4: 5 | BB4: 1 | BC4: 1 | BD4: 1 | BE4: 5 | BF4: 1 | BG4: 5 | BH4: 5 | BI4: 4 | BJ4: 4 | BK4: 5 | BL4: 1 | BM4: 1 | BN4: 5 | BO4: 4 | BP4: 4 | BQ4: 5 | BR4: 2 | BS4: 3 | BT4: 3 | BU4: 3 | BV4: 4 | BW4: 5 | BX4: 5 | BY4: 4 | BZ4: 4 | CA4: 4 | CB4: 2 | CC4: 3 | CD4: 4 | CE4: 4 | CF4: 5 | CG4: 5 | CH4: 3 | CI4: 2 | CJ4: 2 | CK4: 2 | CL4: 3 | CM4: 1 | CN4: 1 | CO4: 3 | CP4: 2 | CQ4: 1 | CR4: 3 | CS4: 3 | CT4: 3 | CU4: 2 | CV4: 4 | CW4: 2 | CX4: 5 | CY4: 3 | CZ4: 5 | DA4: 5 | DB4: 5 | DC4: 3 | DD4: 5 | DE4: 5 | DF4: 1 | DG4: 1 | DH4: 4 | DI4: 5 | DJ4: 4 | DK4: 2 | DL4: 1 | DM4: 4 | DN4: 5 | DO4: 5 | DP4: 5 | DQ4: 5 | DR4: 5 | DS4: 5 | DT4: 4 | DU4: 4 | DV4: 1 | DW4: 1 | DX4: 5 | DY4: 5 | DZ4: 5 | EA4: 3 | EB4: 3 | EC4: 3 | ED4: 1 | EE4: 1 | EF4: 1 | EG4: 1 | EH4: 1 | EI4: 2
A5: 45957.462 | B5: jagaddeva.murari.das@gmail.com | C5: I agree to the above terms and give my consent. | D5: Jaykumar Acharya | E5: C001 | F5: Services | G5: India | H5: Director / VP | I5: More than 20 years | J5: Small team (2–10) | K5: 2 | L5: 1 | M5: 5 | N5: 2 | O5: 1 | P5: 5 | Q5: 5 | R5: 5 | S5: 5 | T5: 4 | U5: 4 | V5: 5 | W5: 4 | X5: 3 | Y5: 5 | Z5: 5 | AA5: 5 | AB5: 4 | AC5: 2 | AD5: 1 | AE5: 2 | AF5: 1 | AG5: 3 | AH5: 5 | AI5: 2 | AJ5: 2 | AK5: 1 | AL5: 5 | AM5: 2 | AN5: 3 | AO5: 2 | AP5: 5 | AQ5: 4 | AR5: 5 | AS5: 5 | AT5: 4 | AU5: 2 | AV5: 2 | AW5: 5 | AX5: 2 | AY5: 5 | AZ5: 4 | BA5: 5 | BB5: 1 | BC5: 1 | BD5: 3 | BE5: 3 | BF5: 3 | BG5: 4 | BH5: 5 | BI5: 5 | BJ5: 5 | BK5: 5 | BL5: 1 | BM5: 1 | BN5: 2 | BO5: 4 | BP5: 5 | BQ5: 5 | BR5: 4 | BS5: 4 | BT5: 4 | BU5: 2 | BV5: 2 | BW5: 3 | BX5: 2 | BY5: 3 | BZ5: 2 | CA5: 5 | CB5: 5 | CC5: 3 | CD5: 5 | CE5: 5 | CF5: 5 | CG5: 5 | CH5: 5 | CI5: 5 | CJ5: 1 | CK5: 1 | CL5: 1 | CM5: 1 | CN5: 1 | CO5: 5 | CP5: 5 | CQ5: 1 | CR5: 5 | CS5: 1 | CT5: 1 | CU5: 1 | CV5: 2 | CW5: 1 | CX5: 4 | CY5: 4 | CZ5: 5 | DA5: 5 | DB5: 4 | DC5: 5 | DD5: 2 | DE5: 5 | DF5: 1 | DG5: 3 | DH5: 1 | DI5: 5 | DJ5: 4 | DK5: 5 | DL5: 5 | DM5: 5 | DN5: 5 | DO5: 5 | DP5: 5 | DQ5: 5 | DR5: 5 | DS5: 5 | DT5: 5 | DU5: 5 | DV5: 1 | DW5: 1 | DX5: 5 | DY5: 5 | DZ5: 5 | EA5: 4 | EB5: 5 | EC5: 2 | ED5: 1 | EE5: 1 | EF5: 1 | EG5: 1 | EH5: 1 | EI5: 1
A6: 45957.72 | B6: librajesh1@gmail.com | C6: I agree to the above terms and give my consent. | D6: Rajesh Singh | E6: C001 | F6: Financial | G6: Canada | H6: Director / VP | I6: 16–20 years | J6: Large organization (251+) | K6: 3 | L6: 1 | M6: 5 | N6: 3 | O6: 5 | P6: 5 | Q6: 4 | R6: 4 | S6: 4 | T6: 5 | U6: 5 | V6: 4 | W6: 5 | X6: 5 | Y6: 4 | Z6: 4 | AA6: 5 | AB6: 3 | AC6: 4 | AD6: 1 | AE6: 4 | AF6: 4 | AG6: 4 | AH6: 5 | AI6: 5 | AJ6: 4 | AK6: 4 | AL6: 5 | AM6: 5 | AN6: 5 | AO6: 5 | AP6: 5 | AQ6: 5 | AR6: 5 | AS6: 4 | AT6: 5 | AU6: 4 | AV6: 1 | AW6: 1 | AX6: 3 | AY6: 3 | AZ6: 5 | BA6: 5 | BB6: 4 | BC6: 4 | BD6: 4 | BE6: 1 | BF6: 5 | BG6: 5 | BH6: 3 | BI6: 5 | BJ6: 4 | BK6: 5 | BL6: 1 | BM6: 1 | BN6: 1 | BO6: 4 | BP6: 3 | BQ6: 4 | BR6: 4 | BS6: 4 | BT6: 3 | BU6: 3 | BV6: 3 | BW6: 5 | BX6: 5 | BY6: 5 | BZ6: 5 | CA6: 3 | CB6: 3 | CC6: 3 | CD6: 3 | CE6: 3 | CF6: 3 | CG6: 3 | CH6: 5 | CI6: 1 | CJ6: 2 | CK6: 3 | CL6: 1 | CM6: 3 | CN6: 3 | CO6: 4 | CP6: 2 | CQ6: 5 | CR6: 2 | CS6: 3 | CT6: 3 | CU6: 2 | CV6: 4 | CW6: 4 | CX6: 4 | CY6: 4 | CZ6: 4 | DA6: 5 | DB6: 5 | DC6: 5 | DD6: 5 | DE6: 5 | DF6: 1 | DG6: 5 | DH6: 5 | DI6: 5 | DJ6: 5 | DK6: 3 | DL6: 5 | DM6: 5 | DN6: 5 | DO6: 5 | DP6: 5 | DQ6: 5 | DR6: 5 | DS6: 2 | DT6: 3 | DU6: 4 | DV6: 1 | DW6: 1 | DX6: 5 | DY6: 1 | DZ6: 5 | EA6: 2 | EB6: 3 | EC6: 1 | ED6: 1 | EE6: 1 | EF6: 1 | EG6: 3 | EH6: 4 | EI6: 5
A7: 45957.932 | B7: rohan2032@gmail.com | C7: I agree to the above terms and give my consent. | D7: Rohan Gupta | E7: C001 | F7: Services | G7: India | H7: Individual Contributor | I7: 6–10 years | J7: Large organization (251+) | K7: 5 | L7: 2 | M7: 4 | N7: 2 | O7: 3 | P7: 4 | Q7: 5 | R7: 3 | S7: 4 | T7: 3 | U7: 2 | V7: 4 | W7: 3 | X7: 4 | Y7: 4 | Z7: 4 | AA7: 4 | AB7: 4 | AC7: 3 | AD7: 2 | AE7: 2 | AF7: 1 | AG7: 2 | AH7: 4 | AI7: 3 | AJ7: 2 | AK7: 3 | AL7: 3 | AM7: 4 | AN7: 4 | AO7: 3 | AP7: 3 | AQ7: 3 | AR7: 3 | AS7: 4 | AT7: 3 | AU7: 1 | AV7: 1 | AW7: 2 | AX7: 4 | AY7: 3 | AZ7: 5 | BA7: 3 | BB7: 3 | BC7: 2 | BD7: 4 | BE7: 3 | BF7: 4 | BG7: 4 | BH7: 5 | BI7: 4 | BJ7: 3 | BK7: 3 | BL7: 2 | BM7: 2 | BN7: 4 | BO7: 3 | BP7: 4 | BQ7: 3 | BR7: 2 | BS7: 4 | BT7: 3 | BU7: 2 | BV7: 2 | BW7: 4 | BX7: 3 | BY7: 3 | BZ7: 2 | CA7: 3 | CB7: 3 | CC7: 2 | CD7: 3 | CE7: 2 | CF7: 2 | CG7: 3 | CH7: 4 | CI7: 3 | CJ7: 2 | CK7: 3 | CL7: 2 | CM7: 4 | CN7: 3 | CO7: 3 | CP7: 2 | CQ7: 4 | CR7: 3 | CS7: 4 | CT7: 3 | CU7: 3 | CV7: 2 | CW7: 4 | CX7: 3 | CY7: 3 | CZ7: 4 | DA7: 2 | DB7: 4 | DC7: 2 | DD7: 4 | DE7: 4 | DF7: 5 | DG7: 2 | DH7: 3 | DI7: 1 | DJ7: 5 | DK7: 3 | DL7: 4 | DM7: 5 | DN7: 2 | DO7: 3 | DP7: 5 | DQ7: 2 | DR7: 3 | DS7: 4 | DT7: 4 | DU7: 3 | DV7: 2 | DW7: 4 | DX7: 5 | DY7: 2 | DZ7: 3 | EA7: 4 | EB7: 3 | EC7: 2 | ED7: 1 | EE7: 1 | EF7: 1 | EG7: 1 | EH7: 1 | EI7: 1
A8: 45960.512 | B8: sumitroyip@gmail.com | C8: I agree to the above terms and give my consent. | D8: Sumit Roy | E8: C001 | F8: Services | G8: India | H8: Manager | I8: 16–20 years | J8: Large organization (251+) | K8: 1 | L8: 1 | M8: 5 | N8: 5 | O8: 5 | P8: 5 | Q8: 5 | R8: 5 | S8: 5 | T8: 1 | U8: 1 | V8: 1 | W8: 4 | X8: 5 | Y8: 5 | Z8: 5 | AA8: 5 | AB8: 2 | AC8: 3 | AD8: 1 | AE8: 4 | AF8: 1 | AG8: 1 | AH8: 4 | AI8: 5 | AJ8: 1 | AK8: 5 | AL8: 5 | AM8: 4 | AN8: 1 | AO8: 5 | AP8: 4 | AQ8: 1 | AR8: 5 | AS8: 5 | AT8: 2 | AU8: 1 | AV8: 1 | AW8: 4 | AX8: 4 | AY8: 5 | AZ8: 5 | BA8: 5 | BB8: 5 | BC8: 5 | BD8: 1 | BE8: 5 | BF8: 5 | BG8: 5 | BH8: 5 | BI8: 5 | BJ8: 5 | BK8: 5 | BL8: 1 | BM8: 1 | BN8: 5 | BO8: 5 | BP8: 5 | BQ8: 5 | BR8: 5 | BS8: 5 | BT8: 1 | BU8: 3 | BV8: 4 | BW8: 5 | BX8: 2 | BY8: 3 | BZ8: 1 | CA8: 3 | CB8: 5 | CC8: 1 | CD8: 5 | CE8: 1 | CF8: 1 | CG8: 5 | CH8: 5 | CI8: 3 | CJ8: 1 | CK8: 1 | CL8: 1 | CM8: 1 | CN8: 1 | CO8: 5 | CP8: 4 | CQ8: 1 | CR8: 1 | CS8: 1 | CT8: 1 | CU8: 1 | CV8: 1 | CW8: 1 | CX8: 4 | CY8: 1 | CZ8: 5 | DA8: 5 | DB8: 2 | DC8: 4 | DD8: 2 | DE8: 3 | DF8: 1 | DG8: 1 | DH8: 1 | DI8: 5 | DJ8: 5 | DK8: 5 | DL8: 3 | DM8: 5 | DN8: 5 | DO8: 5 | DP8: 5 | DQ8: 5 | DR8: 5 | DS8: 5 | DT8: 5 | DU8: 5 | DV8: 2 | DW8: 4 | DX8: 5 | DY8: 2 | DZ8: 5 | EA8: 5 | EB8: 5 | EC8: 1 | ED8: 1 | EE8: 1 | EF8: 1 | EG8: 1 | EH8: 1 | EI8: 1
A9: 45969.844 | B9: pragyagupta.email@gmail.com | C9: I agree to the above terms and give my consent. | D9: Pragya | E9: C001 | F9: Services | G9: India | H9: Individual Contributor | I9: 1–2 years | J9: Large organization (251+) | K9: 2 | L9: 1 | M9: 5 | N9: 4 | O9: 4 | P9: 5 | Q9: 4 | R9: 4 | S9: 5 | T9: 5 | U9: 5 | V9: 5 | W9: 4 | X9: 5 | Y9: 4 | Z9: 4 | AA9: 5 | AB9: 2 | AC9: 2 | AD9: 2 | AE9: 2 | AF9: 5 | AG9: 4 | AH9: 4 | AI9: 5 | AJ9: 4 | AK9: 4 | AL9: 4 | AM9: 2 | AN9: 4 | AO9: 4 | AP9: 4 | AQ9: 2 | AR9: 4 | AS9: 4 | AT9: 4 | AU9: 1 | AV9: 4 | AW9: 3 | AX9: 3 | AY9: 5 | AZ9: 5 | BA9: 4 | BB9: 3 | BC9: 4 | BD9: 1 | BE9: 4 | BF9: 4 | BG9: 4 | BH9: 4 | BI9: 2 | BJ9: 3 | BK9: 3 | BL9: 2 | BM9: 2 | BN9: 2 | BO9: 3 | BP9: 5 | BQ9: 4 | BR9: 4 | BS9: 2 | BT9: 2 | BU9: 2 | BV9: 1 | BW9: 4 | BX9: 4 | BY9: 5 | BZ9: 4 | CA9: 4 | CB9: 5 | CC9: 4 | CD9: 4 | CE9: 3 | CF9: 2 | CG9: 4 | CH9: 3 | CI9: 2 | CJ9: 4 | CK9: 4 | CL9: 3 | CM9: 2 | CN9: 4 | CO9: 4 | CP9: 3 | CQ9: 5 | CR9: 4 | CS9: 4 | CT9: 2 | CU9: 4 | CV9: 4 | CW9: 1 | CX9: 3 | CY9: 4 | CZ9: 5 | DA9: 4 | DB9: 4 | DC9: 4 | DD9: 5 | DE9: 5 | DF9: 2 | DG9: 1 | DH9: 2 | DI9: 4 | DJ9: 3 | DK9: 3 | DL9: 3 | DM9: 4 | DN9: 4 | DO9: 4 | DP9: 4 | DQ9: 4 | DR9: 4 | DS9: 4 | DT9: 4 | DU9: 4 | DV9: 2 | DW9: 2 | DX9: 5 | DY9: 2 | DZ9: 4 | EA9: 2 | EB9: 4 | EC9: 2 | ED9: 1 | EE9: 1 | EF9: 1 | EG9: 1 | EH9: 2 | EI9: 2

Sheet companies
A1: company_id | B1: company_name | C1: sector | D1: region | E1: headcount_band
A2: =Form!D2&"-"&Form!E2 -> Sunil Chavan-C001 | B2: =Form!E2 -> C001 | C2: =Form!F2 -> Services | D2: =Form!G2 -> India | E2: =Form!J2 -> Small team (2–10)
A3: =Form!D3&"-"&Form!E3 -> Debankan Mahanta-C001 | B3: =Form!E3 -> C001 | C3: =Form!F3 -> Services | D3: =Form!G3 -> India | E3: =Form!J3 -> Large organization (251+)
A4: =Form!D4&"-"&Form!E4 -> Sreedhar Reddy Jaggavarapu-C001 | B4: =Form!E4 -> C001 | C4: =Form!F4 -> Services | D4: =Form!G4 -> United States | E4: =Form!J4 -> Large organization (251+)
A5: =Form!D5&"-"&Form!E5 -> Jaykumar Acharya-C001 | B5: =Form!E5 -> C001 | C5: =Form!F5 -> Services | D5: =Form!G5 -> India | E5: =Form!J5 -> Small team (2–10)
A6: =Form!D6&"-"&Form!E6 -> Rajesh Singh-C001 | B6: =Form!E6 -> C001 | C6: =Form!F6 -> Financial | D6: =Form!G6 -> Canada | E6: =Form!J6 -> Large organization (251+)
A7: =Form!D7&"-"&Form!E7 -> Rohan Gupta-C001 | B7: =Form!E7 -> C001 | C7: =Form!F7 -> Services | D7: =Form!G7 -> India | E7: =Form!J7 -> Large organization (251+)
A8: =Form!D8&"-"&Form!E8 -> Sumit Roy-C001 | B8: =Form!E8 -> C001 | C8: =Form!F8 -> Services | D8: =Form!G8 -> India | E8: =Form!J8 -> Large organization (251+)
A9: =Form!D9&"-"&Form!E9 -> Pragya-C001 | B9: =Form!E9 -> C001 | C9: =Form!F9 -> Services | D9: =Form!G9 -> India | E9: =Form!J9 -> Large organization (251+)

Sheet items_bank
A1: item_id | B1: text | C1: matrix_id | D1: trait | E1: min | F1: max | G1: reverse | H1: weight | I1: lead_pillar | J1: lead_quadrant_hint
A2: QSC008 | B2: I believe success is best achieved by focusing on one’s own strengths, not by accommodating others. | C2: Selflessness vs. Clarity | D2: Selflessness | E2: 1 | F2: 5 | G2: 1 | H2: 1 | I2: L;E;D | J2: Benevolent Idealist
A3: QSC033 | B3: I prefer short-term gains, even if they come at the cost of others’ trust. | C3: Selflessness vs. Clarity | D3: Selflessness | E3: 1 | F3: 5 | G3: 1 | H3: 1 | I3: L;E;D | J3: Chaotic Opportunist
A4: QSC003 | B4: I feel energized when my work contributes to something larger than myself—like community, ecology, or spiritual growth. | C4: Selflessness vs. Clarity | D4: Selflessness | E4: 1 | F4: 5 | G4: 0 | H4: 1 | I4: L;E;D | J4: Ambitious Executor
A5: QSC015 | B5: I often put others’ needs ahead of my own, even when it leads to confusion or delay. | C5: Selflessness vs. Clarity | D5: Selflessness | E5: 1 | F5: 5 | G5: 0 | H5: 1 | I5: L;E;D | J5: Benevolent Idealist
A6: QSC018 | B6: I feel pulled toward service, yet I often second-guess my decisions. | C6: Selflessness vs. Clarity | D6: Selflessness | E6: 1 | F6: 5 | G6: 0 | H6: 1 | I6: L;E;D | J6: Dharmic Steward
A7: QSC022 | B7: I try to be fair and consistent, even if I don’t always inspire others. | C7: Selflessness vs. Clarity | D7: Selflessness | E7: 1 | F7: 5 | G7: 0 | H7: 1 | I7: L;E;D | J7: Chaotic Opportunist
A8: QSC035 | B8: How often do people perceive you as approachable when raising collective concerns? | C8: Selflessness vs. Clarity | D8: Selflessness | E8: 1 | F8: 5 | G8: 0 | H8: 1 | I8: L | J8: Dharmic Visionary
A9: QSC036 | B9: How often do you visibly role-model “service before self” in daily actions? | C9: Selflessness vs. Clarity | D9: Selflessness | E9: 1 | F9: 5 | G9: 0 | H9: 1 | I9: L | J9: Dharmic Servant
A10: QSC039 | B10: Compared to peers, how often do you act transparently even when no one is watching? | C10: Selflessness vs. Clarity | D10: Selflessness | E10: 1 | F10: 5 | G10: 0 | H10: 1 | I10: D | J10: Dharmic Visionary
A11: QSC013 | B11: I sometimes avoid taking action because I’m unsure how to balance kindness with effectiveness. | C11: Selflessness vs. Clarity | D11: Clarity | E11: 1 | F11: 5 | G11: 1 | H11: 1 | I11: L;E;D | J11: Chaotic Opportunist
A12: QSC017 | B12: I sometimes take on tasks with good intent, but struggle to complete them with impact. | C12: Selflessness vs. Clarity | D12: Clarity | E12: 1 | F12: 5 | G12: 1 | H12: 1 | I12: L;E;D | J12: Ambitious Executor
A13: QSC004 | B13: I prefer clarity over speed, especially when the stakes involve people’s well-being. | C13: Selflessness vs. Clarity | D13: Clarity | E13: 1 | F13: 5 | G13: 0 | H13: 1 | I13: L;E;D | J13: Dharmic Steward
... A130: GLDQ021 | B130: I recover from stress through unhealthy habits or avoidance | C130: GLDQ | D130: Tamas | E130: 1 | F130: 5 | G130: 1 | H130: 1 | I130: D;A;E | J130: Chaotic Opportunist

Sheet counts_by_trait
A1: matrix_id | B1: trait | C1: n_items
A2: Association vs. Openness | B2: Association | C2: 9
A3: Association vs. Openness | B3: Openness | C3: 9
A4: Dharma vs. Desire | B4: Desire | C4: 9
A5: Dharma vs. Desire | B5: Dharma | C5: 9
A6: Fear vs. Responsibility | B6: Fear | C6: 9
A7: Fear vs. Responsibility | B7: Responsibility | C7: 9
A8: GLDQ | B8: Rajas | C8: 7
A9: GLDQ | B9: Sattva | C9: 7
A10: GLDQ | B10: Tamas | C10: 7
A11: Knowledge vs. Application | B11: Application | C11: 9
A12: Knowledge vs. Application | B12: Knowledge | C12: 9
A13: Selflessness vs. Clarity | B13: Clarity | C13: 9
... A16: Time vs. Collective Orientation | B16: Time | C16: 9

Sheet norms
A1: construct_type | B1: construct_id | C1: mean_norm | D1: sd_norm
A2: trait | B2: Application | C2: 50 | D2: 10
A3: trait | B3: Association | C3: 50 | D3: 10
A4: trait | B4: Clarity | C4: 50 | D4: 10
A5: trait | B5: Collective | C5: 50 | D5: 10
A6: trait | B6: Desire | C6: 50 | D6: 10
A7: trait | B7: Dharma | C7: 50 | D7: 10
A8: trait | B8: Fear | C8: 50 | D8: 10
A9: trait | B9: Knowledge | C9: 50 | D9: 10
A10: trait | B10: Openness | C10: 50 | D10: 10
A11: trait | B11: Rajas | C11: 50 | D11: 10
A12: trait | B12: Responsibility | C12: 50 | D12: 10
A13: trait | B13: Sattva | C13: 50 | D13: 10
... A23: guna | B23: Tamas | C23: 33.3 | D23: 10

Sheet quadrant_rules
A1: matrix | B1: trait_1 | C1: trait_2
A2: Selflessness vs. Clarity | B2: Selflessness | C2: Clarity
A3: Association vs. Openness | B3: Association | C3: Openness
A4: Dharma vs. Desire | B4: Desire | C4: Dharma
A5: Fear vs. Responsibility | B5: Fear | C5: Responsibility
A6: Knowledge vs. Application | B6: Knowledge | C6: Application
A7: Time vs. Collective Orientation | B7: Time | C7: Collective

Sheet pillar_mapping
A1: trait | B1: pillar | C1: weight
A2: Application | B2: A | C2: 1
A3: Application | B3: D | C3: 1
A4: Application | B4: E | C4: 1
A5: Association | B5: A | C5: 1
A6: Association | B6: E | C6: 1
A7: Association | B7: L | C7: 1
A8: Clarity | B8: A | C8: 1
A9: Clarity | B9: D | C9: 1
A10: Clarity | B10: E | C10: 1
A11: Clarity | B11: L | C11: 1
A12: Collective | B12: D | C12: 1
A13: Collective | B13: L | C13: 1
... A42: Time | B42: L | C42: 1

Sheet responses_long
A1: participant_id | B1: company_id | C1: assessment_version | D1: item_id | E1: response | F1: timestamp

Sheet responses_wide
A1: participant_id | B1: company_id | C1: assessment_version | D1: submitted_at | E1: QSC008 | F1: QSC033 | G1: QSC003 | H1: QSC015 | I1: QSC018 | J1: QSC022 | K1: QSC035 | L1: QSC036 | M1: QSC039 | N1: QSC013 | O1: QSC017 | P1: QSC004 | Q1: QSC009 | R1: QSC019 | S1: QSC037 | T1: QSC038 | U1: QSC002 | V1: QSC007 | W1: QTC005 | X1: QTC001 | Y1: QTC010 | Z1: QTC015 | AA1: QTC018 | AB1: QTC036 | AC1: QTC006 | AD1: QTC007 | AE1: QTC008 | AF1: QTC024 | AG1: QTC029 | AH1: QTC009 | AI1: QTC014 | AJ1: QTC019 | AK1: QTC025 | AL1: QTC017 | AM1: QTC020 | AN1: QTC021 | AO1: QKA001 | AP1: QKA005 | AQ1: QKA010 | AR1: QKA012 | AS1: QKA014 | AT1: QKA017 | AU1: QKA018 | AV1: QKA020 | AW1: QKA011 | AX1: QKA004 | AY1: QKA028 | AZ1: QKA007 | BA1: QKA024 | BB1: QKA035 | BC1: QKA036 | BD1: QKA037 | BE1: QKA038 | BF1: QKA006 | BG1: QAO004 | BH1: QAO006 | BI1: QAO015 | BJ1: QAO017 | BK1: QAO036 | BL1: QAO037 | BM1: QAO039 | BN1: QAO011 | BO1: QAO012 | BP1: QAO003 | BQ1: QAO010 | BR1: QAO019 | BS1: QAO024 | BT1: QAO025 | BU1: QAO035 | BV1: QAO038 | BW1: QAO014 | BX1: QAO016 | BY1: QFR024 | BZ1: QFR028 | CA1: QFR020 | CB1: QFR036 | CC1: QFR037 | CD1: QFR001 | CE1: QFR002 | CF1: QFR004 | CG1: QFR007 | CH1: QFR013 | CI1: QFR035 | CJ1: QFR038 | CK1: QFR039 | CL1: QFR003 | CM1: QFR005 | CN1: QFR006 | CO1: QFR009 | CP1: QFR011 | CQ1: QDD019 | CR1: QDD036 | CS1: QDD037 | CT1: QDD004 | CU1: QDD006 | CV1: QDD007 | CW1: QDD008 | CX1: QDD010 | CY1: QDD011 | CZ1: QDD035 | DA1: QDD038 | DB1: QDD005 | DC1: QDD014 | DD1: QDD018 | DE1: QDD024 | DF1: QDD039 | DG1: QDD001 | DH1: QDD002 | DI1: GLDQ001 | DJ1: GLDQ002 | DK1: GLDQ003 | DL1: GLDQ004 | DM1: GLDQ005 | DN1: GLDQ006 | DO1: GLDQ007 | DP1: GLDQ008 | DQ1: GLDQ009 | DR1: GLDQ010 | DS1: GLDQ011 | DT1: GLDQ012 | DU1: GLDQ013 | DV1: GLDQ014 | DW1: GLDQ015 | DX1: GLDQ016 | DY1: GLDQ017 | DZ1: GLDQ018 | EA1: GLDQ019 | EB1: GLDQ020 | EC1: GLDQ021
A2: =participants!A2 -> Sunil Chavan | B2: =companies!A2 -> Sunil Chavan-C001 | C2: =participants!I2 -> v01 | D2: =participants!K2 -> 45948.33 | E2: =Form!K2 -> 4 | F2: =Form!L2 -> 4 | G2: =Form!M2 -> 4 | H2: =Form!N2 -> 4 | I2: =Form!O2 -> 4 | J2: =Form!P2 -> 4 | K2: =Form!Q2 -> 4 | L2: =Form!R2 -> 4 | ... EC2: =Form!EI2 -> 4
A3: =participants!A3 -> Debankan Mahanta | B3: =companies!A3 -> Debankan Mahanta-C001 | C3: =participants!I3 -> v01 | D3: =participants!K3 -> 45948.361 | E3: =Form!K3 -> 1 | F3: =Form!L3 -> 1 | G3: =Form!M3 -> 5 | H3: =Form!N3 -> 2 | I3: =Form!O3 -> 1 | J3: =Form!P3 -> 5 | K3: =Form!Q3 -> 3 | L3: =Form!R3 -> 4 | ... EC3: =Form!EI3 -> 1
A4: =participants!A4 -> Sreedhar Reddy Jaggavarapu | B4: =companies!A4 -> Sreedhar Reddy Jaggavarapu-C001 | C4: =participants!I4 -> v01 | D4: =participants!K4 -> 45950.353 | E4: =Form!K4 -> 3 | F4: =Form!L4 -> 1 | G4: =Form!M4 -> 5 | H4: =Form!N4 -> 2 | I4: =Form!O4 -> 4 | J4: =Form!P4 -> 5 | K4: =Form!Q4 -> 4 | L4: =Form!R4 -> 4 | ... EC4: =Form!EI4 -> 2
A5: =participants!A5 -> Jaykumar Acharya | B5: =companies!A5 -> Jaykumar Acharya-C001 | C5: =participants!I5 -> v01 | D5: =participants!K5 -> 45957.462 | E5: =Form!K5 -> 2 | F5: =Form!L5 -> 1 | G5: =Form!M5 -> 5 | H5: =Form!N5 -> 2 | I5: =Form!O5 -> 1 | J5: =Form!P5 -> 5 | K5: =Form!Q5 -> 5 | L5: =Form!R5 -> 5 | ... EC5: =Form!EI5 -> 1
A6: =participants!A6 -> Rajesh Singh | B6: =companies!A6 -> Rajesh Singh-C001 | C6: =participants!I6 -> v01 | D6: =participants!K6 -> 45957.72 | E6: =Form!K6 -> 3 | F6: =Form!L6 -> 1 | G6: =Form!M6 -> 5 | H6: =Form!N6 -> 3 | I6: =Form!O6 -> 5 | J6: =Form!P6 -> 5 | K6: =Form!Q6 -> 4 | L6: =Form!R6 -> 4 | ... EC6: =Form!EI6 -> 5
A7: =participants!A7 -> Rohan Gupta | B7: =companies!A7 -> Rohan Gupta-C001 | C7: =participants!I7 -> v01 | D7: =participants!K7 -> 45957.932 | E7: =Form!K7 -> 5 | F7: =Form!L7 -> 2 | G7: =Form!M7 -> 4 | H7: =Form!N7 -> 2 | I7: =Form!O7 -> 3 | J7: =Form!P7 -> 4 | K7: =Form!Q7 -> 5 | L7: =Form!R7 -> 3 | ... EC7: =Form!EI7 -> 1
A8: =participants!A8 -> Sumit Roy | B8: =companies!A8 -> Sumit Roy-C001 | C8: =participants!I8 -> v01 | D8: =participants!K8 -> 45960.512 | E8: =Form!K8 -> 1 | F8: =Form!L8 -> 1 | G8: =Form!M8 -> 5 | H8: =Form!N8 -> 5 | I8: =Form!O8 -> 5 | J8: =Form!P8 -> 5 | K8: =Form!Q8 -> 5 | L8: =Form!R8 -> 5 | ... EC8: =Form!EI8 -> 1
A9: =participants!A9 -> Pragya | B9: =companies!A9 -> Pragya-C001 | C9: =participants!I9 -> v02 | D9: =participants!K9 -> 45969.844 | E9: =Form!K9 -> 2 | F9: =Form!L9 -> 1 | G9: =Form!M9 -> 5 | H9: =Form!N9 -> 4 | I9: =Form!O9 -> 4 | J9: =Form!P9 -> 5 | K9: =Form!Q9 -> 4 | L9: =Form!R9 -> 4 | ... EC9: =Form!EI9 -> 2

Sheet readme
A1: info
A2: LEAD Collection Template (reduced item bank) Fill either 'responses_long' (tidy) or 'responses_wide' (one row per person). Response scale is defined by the item bank (min/max). Reverse-coded items are already flagged. Required columns: responses_long: participant_id, item_id, response responses_wide: participant_id, and one column per item_id (e.g., QSC008) After filling, run: python tscore.py Outputs: scores_demo.xlsx + scores_demo.json You may edit: - norms: replace default means/sd with your empirical norms - pillar_mapping: adjust trait -> pillar weights (positive or negative) - quadrant_rules: axes per matrix (keep consistent)
